<configuration debug="true">

    <appender name="CONSOLE" class="ch.qos.logback.core.ConsoleAppender">
        <!-- encoders are assigned the type ch.qos.logback.classic.encoder.PatternLayoutEncoder by default -->
        <encoder>
            <pattern>%d{ISO8601} | %-5level | %logger{1} | %m%n%rEx</pattern>
        </encoder>
    </appender>

    <logger name="org.springframework" level="INFO" />
    <logger name="net.sf.ehcache" level="DEBUG" />

    <root level="INFO">
        <appender-ref ref="CONSOLE"/>
    </root>

</configuration>